url,all_text,all_images
https://franchisesuppliernetwork.com/,"Leverage our network and expert advisors to discover & connect with best fit suppliers. 3 Minute Assessment Survey We track and evaluate hundreds of franchise suppliers per year across all major disciplines. Our superpower is identifying value creating supplier matches for franchise brands. We‚Äôll assess your goals, match you with our top recommendations, and be here as a sounding board when needed (all at no cost to you). Our highest obligation is to help franchise organizations profit and prosper. We exist to help create better franchisee and customer experiences and increased unit level economics. Leverage our network and expert advisors to find the right fit. We help emerging, regional, and national brands save time, reduce risk, increase revenue, improve NPS,
enhance experience, and grow footprint through our supplier vetting and matching process ‚Äì all at no cost to franchisors. We have deep industry relationships across the full stack of partner needs spanning most major sectors. We catalog, track and keep tabs on over 500+ suppliers across all major sectors and franchisor needs. Many of our supplier members offer favored nations pricing & pilot terms to brands who connect through FSN. Put our knowledge & expertise to work for you throughout the discovery and selection process. Reduce the risk of making the wrong partner selection. Browse our carefully curated list of featured franchise supplier members.
Explore their offerings, accolades, latest news and articles, request a meeting, and more. There are a lot of potential suppliers to partner with. We specialize in keeping tabs on the best and most qualified partners for specific niches and functional needs. Our recommendations tool is a good starting point if you‚Äôre looking for a short list of partners and their key strengths and weaknesses prior to spending time to meet with them. Fill out our quick assessment survey to give us a baseline understanding of where and how we can help. 3 minute survey  We meet with leading franchise brands and suppliers on a daily basis across a wide variety of sectors. Sometimes an idea, a breakthrough, a new technology, or a small tweak can be applied to help accelerate results and positively impact your culture and bottom line. For this 30 minute to 1 hour ideation session, bring us a problem or desired outcome and we will ideate with you to inspire potential solutions. Schedule A Call Franchise brands we consult with receive a tremendous amount of value in a Franchise Supplier Network facilitated review of their current supplier stack (and future needs). Whether you want to validate you are getting the results you should be, receiving a good price and contractual terms, making the right decision to hire a supplier, or review gaps and potential opportunities ‚Äì our expert team can facilitate an audit and present back our thoughts and feedback. The process typically requires 1 to 3 hours of time over a 2 to 4 week period. Schedule A Call  Franchise Supplier Network is a community dedicated to helping franchisors and industry suppliers connect and grow. Our impact is global and our network represents billions of dollars in commerce through franchising. Read More  ¬© 2024 Copyright - FranchiseSupplierNetwork.com Powered by ClickTecs",https://franchisesuppliernetwork.com/wp-content/themes/franchise-supplier-network/img/logo-fsn.png | https://franchisesuppliernetwork.com/wp-content/uploads/2022/09/slider01.jpg | https://franchisesuppliernetwork.com/wp-content/uploads/2022/09/how-works-icon-01.png | https://franchisesuppliernetwork.com/wp-content/uploads/2022/09/how-works-icon-02.png | https://franchisesuppliernetwork.com/wp-content/uploads/2022/09/how-works-icon-03.png | https://franchisesuppliernetwork.com/wp-content/uploads/2022/09/buzz-franchise.jpg | https://franchisesuppliernetwork.com/wp-content/uploads/2022/09/propelled.jpg | https://franchisesuppliernetwork.com/wp-content/uploads/2022/09/kolache.jpg | https://franchisesuppliernetwork.com/wp-content/uploads/2022/09/hungry-howies.jpg | https://franchisesuppliernetwork.com/wp-content/uploads/2022/09/Unleashed-Brands.jpg | https://franchisesuppliernetwork.com/wp-content/uploads/2022/09/BrightStar-Care.jpg | https://franchisesuppliernetwork.com/wp-content/uploads/2022/09/Cappriottis.jpg | https://franchisesuppliernetwork.com/wp-content/uploads/2022/09/network-icon.svg | https://franchisesuppliernetwork.com/wp-content/uploads/2022/09/knowledge-icon.svg | https://franchisesuppliernetwork.com/wp-content/uploads/2022/09/pricing-icon.svg | https://franchisesuppliernetwork.com/wp-content/uploads/2022/09/advisor-icon.svg | https://franchisesuppliernetwork.com/wp-content/themes/franchise-supplier-network/img/FSN-Verified-Badge-clear.png | https://franchisesuppliernetwork.com/wp-content/uploads/2023/11/full-color.png | https://franchisesuppliernetwork.com/wp-content/themes/franchise-supplier-network/img/FSN-Verified-Badge-clear.png | https://franchisesuppliernetwork.com/wp-content/uploads/2023/07/892d5158ab592a27871684730f8bc28d.svg | https://franchisesuppliernetwork.com/wp-content/themes/franchise-supplier-network/img/FSN-Verified-Badge-clear.png | https://franchisesuppliernetwork.com/wp-content/uploads/2023/06/PL-VtoneLogo_Full-Color_website@2x.png | https://franchisesuppliernetwork.com/wp-content/themes/franchise-supplier-network/img/FSN-Verified-Badge-clear.png | https://franchisesuppliernetwork.com/wp-content/uploads/2024/02/FF_Logo.png | https://franchisesuppliernetwork.com/wp-content/themes/franchise-supplier-network/img/FSN-Verified-Badge-clear.png | https://franchisesuppliernetwork.com/wp-content/uploads/2023/06/download.png | https://franchisesuppliernetwork.com/wp-content/themes/franchise-supplier-network/img/FSN-Verified-Badge-clear.png | https://franchisesuppliernetwork.com/wp-content/uploads/2023/05/ProfitKeeper-Logo-2400.png | https://franchisesuppliernetwork.com/wp-content/themes/franchise-supplier-network/img/FSN-Verified-Badge-clear.png | https://franchisesuppliernetwork.com/wp-content/uploads/2023/05/DavidEnergy_Logo-RGB-1-scaled.jpg | https://franchisesuppliernetwork.com/wp-content/themes/franchise-supplier-network/img/FSN-Verified-Badge-clear.png | https://franchisesuppliernetwork.com/wp-content/uploads/2023/04/cropped-smallsoftware_logo_400x50.png | https://franchisesuppliernetwork.com/wp-content/themes/franchise-supplier-network/img/FSN-Verified-Badge-clear.png | https://franchisesuppliernetwork.com/wp-content/uploads/2023/04/124631f3-5bf0-43a3-a18c-544bc3e7acab.png | https://franchisesuppliernetwork.com/wp-content/themes/franchise-supplier-network/img/FSN-Verified-Badge-clear.png | https://franchisesuppliernetwork.com/wp-content/uploads/2023/04/702e885e-3983-4737-ac50-a95c24ec6fe7-1603465786149.png | https://franchisesuppliernetwork.com/wp-content/themes/franchise-supplier-network/img/FSN-Verified-Badge-clear.png | https://franchisesuppliernetwork.com/wp-content/uploads/2023/04/proposify_wordmark-4.png | https://franchisesuppliernetwork.com/wp-content/themes/franchise-supplier-network/img/FSN-Verified-Badge-clear.png | https://franchisesuppliernetwork.com/wp-content/uploads/2023/11/careertopia_logo_color-1.jpg | https://franchisesuppliernetwork.com/wp-content/themes/franchise-supplier-network/img/FSN-Verified-Badge-clear.png | https://franchisesuppliernetwork.com/wp-content/uploads/2023/03/thryv_RGB_Web.jpg | https://franchisesuppliernetwork.com/wp-content/themes/franchise-supplier-network/img/FSN-Verified-Badge-clear.png | https://franchisesuppliernetwork.com/wp-content/uploads/2023/03/Colored-Full-300x112-1.png | https://franchisesuppliernetwork.com/wp-content/themes/franchise-supplier-network/img/FSN-Verified-Badge-clear.png | https://franchisesuppliernetwork.com/wp-content/uploads/2023/11/logo.jpg | https://franchisesuppliernetwork.com/wp-content/themes/franchise-supplier-network/img/FSN-Verified-Badge-clear.png | https://franchisesuppliernetwork.com/wp-content/uploads/2023/02/1595957493295.jpeg | https://franchisesuppliernetwork.com/wp-content/themes/franchise-supplier-network/img/FSN-Verified-Badge-clear.png | https://franchisesuppliernetwork.com/wp-content/uploads/2024/01/SHOW-MAKER-2-scaled.jpeg | https://franchisesuppliernetwork.com/wp-content/themes/franchise-supplier-network/img/FSN-Verified-Badge-clear.png | https://franchisesuppliernetwork.com/wp-content/uploads/2023/02/62ffafc08e710764378b811b_single-color-logo-color-update.png | https://franchisesuppliernetwork.com/wp-content/themes/franchise-supplier-network/img/FSN-Verified-Badge-clear.png | https://franchisesuppliernetwork.com/wp-content/uploads/2023/02/logo.png | https://franchisesuppliernetwork.com/wp-content/themes/franchise-supplier-network/img/FSN-Verified-Badge-clear.png | https://franchisesuppliernetwork.com/wp-content/uploads/2023/02/Elysium.jpg | https://franchisesuppliernetwork.com/wp-content/themes/franchise-supplier-network/img/FSN-Verified-Badge-clear.png | https://franchisesuppliernetwork.com/wp-content/uploads/2023/02/SAS_Logo.png | https://franchisesuppliernetwork.com/wp-content/themes/franchise-supplier-network/img/FSN-Verified-Badge-clear.png | https://franchisesuppliernetwork.com/wp-content/uploads/2023/01/favicon_96x96-1.svg | https://franchisesuppliernetwork.com/wp-content/themes/franchise-supplier-network/img/FSN-Verified-Badge-clear.png | https://franchisesuppliernetwork.com/wp-content/uploads/2023/01/mfv-logo-center.webp | https://franchisesuppliernetwork.com/wp-content/themes/franchise-supplier-network/img/FSN-Verified-Badge-clear.png | https://franchisesuppliernetwork.com/wp-content/uploads/2023/01/NEC-Logo-Gradient.png | https://franchisesuppliernetwork.com/wp-content/themes/franchise-supplier-network/img/FSN-Verified-Badge-clear.png | https://franchisesuppliernetwork.com/wp-content/uploads/2023/01/Screen-Shot-2023-01-19-at-12.37.20-PM.png | https://franchisesuppliernetwork.com/wp-content/themes/franchise-supplier-network/img/FSN-Verified-Badge-clear.png | https://franchisesuppliernetwork.com/wp-content/uploads/2023/01/download-2.png | https://franchisesuppliernetwork.com/wp-content/themes/franchise-supplier-network/img/FSN-Verified-Badge-clear.png | https://franchisesuppliernetwork.com/wp-content/uploads/2023/01/Logo-complete-800x400-1.jpeg | https://franchisesuppliernetwork.com/wp-content/themes/franchise-supplier-network/img/FSN-Verified-Badge-clear.png | https://franchisesuppliernetwork.com/wp-content/uploads/2023/01/FranNetLogo_2023_Blue-e1673414664442.png | https://franchisesuppliernetwork.com/wp-content/themes/franchise-supplier-network/img/FSN-Verified-Badge-clear.png | https://franchisesuppliernetwork.com/wp-content/uploads/2023/01/images.png | https://franchisesuppliernetwork.com/wp-content/themes/franchise-supplier-network/img/FSN-Verified-Badge-clear.png | https://franchisesuppliernetwork.com/wp-content/uploads/2022/12/logo.webp | https://franchisesuppliernetwork.com/wp-content/themes/franchise-supplier-network/img/FSN-Verified-Badge-clear.png | https://franchisesuppliernetwork.com/wp-content/uploads/2022/11/image001.png | https://franchisesuppliernetwork.com/wp-content/themes/franchise-supplier-network/img/FSN-Verified-Badge-clear.png | https://franchisesuppliernetwork.com/wp-content/uploads/2022/11/1595468084394.jpeg | https://franchisesuppliernetwork.com/wp-content/themes/franchise-supplier-network/img/FSN-Verified-Badge-clear.png | https://franchisesuppliernetwork.com/wp-content/uploads/2023/11/Inline-Blue-Hi-res.png | https://franchisesuppliernetwork.com/wp-content/themes/franchise-supplier-network/img/FSN-Verified-Badge-clear.png | https://franchisesuppliernetwork.com/wp-content/uploads/2022/11/1596646362732.jpeg | https://franchisesuppliernetwork.com/wp-content/themes/franchise-supplier-network/img/FSN-Verified-Badge-clear.png | https://franchisesuppliernetwork.com/wp-content/uploads/2022/11/logo-clicktecs.webp | https://franchisesuppliernetwork.com/wp-content/themes/franchise-supplier-network/img/FSN-Verified-Badge-clear.png | https://franchisesuppliernetwork.com/wp-content/uploads/2022/11/Delightree.svg | https://franchisesuppliernetwork.com/wp-content/themes/franchise-supplier-network/img/FSN-Verified-Badge-clear.png | https://franchisesuppliernetwork.com/wp-content/uploads/2022/11/cropped-cropped-CL-3.png | https://franchisesuppliernetwork.com/wp-content/themes/franchise-supplier-network/img/FSN-Verified-Badge-clear.png | https://franchisesuppliernetwork.com/wp-content/uploads/2022/10/Location3-logo-2020.png | https://franchisesuppliernetwork.com/wp-content/themes/franchise-supplier-network/img/FSN-Verified-Badge-clear.png | https://franchisesuppliernetwork.com/wp-content/uploads/2022/10/Entrepreneur_logo.png | https://franchisesuppliernetwork.com/wp-content/themes/franchise-supplier-network/img/FSN-Verified-Badge-clear.png | https://franchisesuppliernetwork.com/wp-content/uploads/2022/10/FZ-Logo.png | https://franchisesuppliernetwork.com/wp-content/themes/franchise-supplier-network/img/FSN-Verified-Badge-clear.png | https://franchisesuppliernetwork.com/wp-content/uploads/2022/10/FE-Logo.jpg | https://franchisesuppliernetwork.com/wp-content/themes/franchise-supplier-network/img/FSN-Verified-Badge-clear.png | https://franchisesuppliernetwork.com/wp-content/uploads/2022/10/Fishman-Logo_Outlines-copy-1-pdf.jpg | https://franchisesuppliernetwork.com/wp-content/themes/franchise-supplier-network/img/FSN-Verified-Badge-clear.png | https://franchisesuppliernetwork.com/wp-content/uploads/2022/10/NOCAP-Sports.jpeg | https://franchisesuppliernetwork.com/wp-content/themes/franchise-supplier-network/img/FSN-Verified-Badge-clear.png | https://franchisesuppliernetwork.com/wp-content/uploads/2022/09/SM-logo-2.png | https://franchisesuppliernetwork.com/wp-content/themes/franchise-supplier-network/img/FSN-Verified-Badge-clear.png | https://franchisesuppliernetwork.com/wp-content/uploads/2022/09/onaroll.jpg | https://franchisesuppliernetwork.com/wp-content/themes/franchise-supplier-network/img/FSN-Verified-Badge-clear.png | https://franchisesuppliernetwork.com/wp-content/uploads/2022/09/Color-Horizontal.png | https://franchisesuppliernetwork.com/wp-content/themes/franchise-supplier-network/img/FSN-Verified-Badge-clear.png | https://franchisesuppliernetwork.com/wp-content/uploads/2022/09/rallio.jpg | https://franchisesuppliernetwork.com/wp-content/uploads/2022/09/hcwh-icon01-small.png | https://franchisesuppliernetwork.com/wp-content/uploads/2022/09/hcwh-icon03-small.png | https://franchisesuppliernetwork.com/wp-content/uploads/2022/09/hcwh-icon02-small.png | https://franchisesuppliernetwork.com/wp-content/uploads/2022/09/hcwh-icon01.svg | https://franchisesuppliernetwork.com/wp-content/uploads/2022/09/hcwh-icon03.svg | https://franchisesuppliernetwork.com/wp-content/uploads/2022/09/hcwh-icon02.svg
https://franchisesuppliernetwork.com/assessment/,"We maintain the world‚Äôs largest rolodex of franchise partners and service providers. We actively vet and catalog their capabilities, case studies, clients, and ideal client profiles. This is a free resource helping franchisors get connected and get results across all major disciplines in franchising. Your data will NEVER be shared with 3rd parties unless you request to be contacted.  Select all that apply. Tell us in detail what you are looking for.
Be as specific as possible: Tell us in detail what you are looking for.
Be as specific as possible: Tell us in detail what you are looking for.
Be as specific as possible: Tell us in detail what you are looking for.
Be as specific as possible: Tell us in detail what you are looking for.
Be as specific as possible: Tell us in detail what you are looking for.
Be as specific as possible: Tell us in detail what you are looking for.
Be as specific as possible: Tell us in detail what you are looking for.
Be as specific as possible: Franchise Supplier Network is a community dedicated to helping franchisors and industry suppliers connect and grow. Our impact is global and our network represents billions of dollars in commerce through franchising. Read More  ¬© 2024 Copyright - FranchiseSupplierNetwork.com Powered by ClickTecs",https://franchisesuppliernetwork.com/wp-content/themes/franchise-supplier-network/img/logo-fsn.png | https://franchisesuppliernetwork.com/wp-content/themes/franchise-supplier-network/img/banner-inner-01.jpg
https://franchisesuppliernetwork.com/fsn-suppliers/,"Mitigating risk to protect your brand.  Background investigations for all your business needs - to screen your corporate employees, franchisees, and franchise employees.   
                                0 Testimonials
                             Line striping and pavement maintenance for regional and national multi location chains 
                                0 Testimonials
                             Consolidated Banking, real time financials, and fully liquid high interest checking - and you don't have to change banks! 
                                0 Testimonials
                             There are few experts that are more knowledgeable and proven than Keith Gerson, CFE who brings franchisors fifty years of personal expertise as a franchisor, franchisee and supplier to help you in your sustainable growth. And now, he‚Äôs available to work with you. 
                                0 Testimonials
                             SalesDesk provides lead generation for franchise development and commercial lead generation for franchisees. 
                                0 Testimonials
                             We help franchisors and franchisees redefine how they scale with highly talented, affordable talent from the Philippines to drive revenue and profitability. 
                                0 Testimonials
                             Data Infrastructure, Warehousing, and Collaborative Analytics for Franchises 
                                0 Testimonials
                             Cloud-Based Business Phone Systems 
                                0 Testimonials
                             Amplifying franchisee support with AI 
                                0 Testimonials
                             Easil empowers franchisees to create on-brand visual marketing materials with drag & drop tools, protected by brand restrictions and approval workflows. 
                                0 Testimonials
                             The quickest and easiest territory mapping software you‚Äôve ever had ü§† 
                                0 Testimonials
                             ACG provides franchise owners enhanced recruitment, retention, and revenue through supplemental health benefits, empowering their work force and growing their franchise system. 
                                0 Testimonials
                              Franchise Supplier Network is a community dedicated to helping franchisors and industry suppliers connect and grow. Our impact is global and our network represents billions of dollars in commerce through franchising. Read More  ¬© 2024 Copyright - FranchiseSupplierNetwork.com Powered by ClickTecs",https://franchisesuppliernetwork.com/wp-content/themes/franchise-supplier-network/img/logo-fsn.png | https://franchisesuppliernetwork.com/wp-content/themes/franchise-supplier-network/img/banner-inner-01.jpg | https://franchisesuppliernetwork.com/wp-content/uploads/2024/04/Commercial-Investigations.png | https://fsn1stg.wpengine.com/wp-content/uploads/2024/05/communication-1.png | https://fsn1stg.wpengine.com/wp-content/uploads/2024/05/like.png | https://franchisesuppliernetwork.com/wp-content/uploads/2024/04/Appell.png | https://fsn1stg.wpengine.com/wp-content/uploads/2024/05/communication-1.png | https://fsn1stg.wpengine.com/wp-content/uploads/2024/05/like.png | https://franchisesuppliernetwork.com/wp-content/uploads/2024/04/Altir.png | https://fsn1stg.wpengine.com/wp-content/uploads/2024/05/communication-1.png | https://fsn1stg.wpengine.com/wp-content/uploads/2024/05/like.png | https://franchisesuppliernetwork.com/wp-content/uploads/2024/03/84-2.png | https://fsn1stg.wpengine.com/wp-content/uploads/2024/05/communication-1.png | https://fsn1stg.wpengine.com/wp-content/uploads/2024/05/like.png | https://franchisesuppliernetwork.com/wp-content/uploads/2024/03/87.png | https://fsn1stg.wpengine.com/wp-content/uploads/2024/05/communication-1.png | https://fsn1stg.wpengine.com/wp-content/uploads/2024/05/like.png | https://franchisesuppliernetwork.com/wp-content/uploads/2024/03/Outsource-Access.png | https://fsn1stg.wpengine.com/wp-content/uploads/2024/05/communication-1.png | https://fsn1stg.wpengine.com/wp-content/uploads/2024/05/like.png | https://franchisesuppliernetwork.com/wp-content/uploads/2024/02/Transitiv.png | https://fsn1stg.wpengine.com/wp-content/uploads/2024/05/communication-1.png | https://fsn1stg.wpengine.com/wp-content/uploads/2024/05/like.png | https://franchisesuppliernetwork.com/wp-content/uploads/2024/02/80.png | https://fsn1stg.wpengine.com/wp-content/uploads/2024/05/communication-1.png | https://fsn1stg.wpengine.com/wp-content/uploads/2024/05/like.png | https://franchisesuppliernetwork.com/wp-content/uploads/2024/02/EZee-Assist.png | https://fsn1stg.wpengine.com/wp-content/uploads/2024/05/communication-1.png | https://fsn1stg.wpengine.com/wp-content/uploads/2024/05/like.png | https://franchisesuppliernetwork.com/wp-content/uploads/2024/01/81.png | https://fsn1stg.wpengine.com/wp-content/uploads/2024/05/communication-1.png | https://fsn1stg.wpengine.com/wp-content/uploads/2024/05/like.png | https://franchisesuppliernetwork.com/wp-content/uploads/2024/01/Smappen.png | https://fsn1stg.wpengine.com/wp-content/uploads/2024/05/communication-1.png | https://fsn1stg.wpengine.com/wp-content/uploads/2024/05/like.png | https://franchisesuppliernetwork.com/wp-content/uploads/2024/01/82.png | https://fsn1stg.wpengine.com/wp-content/uploads/2024/05/communication-1.png | https://fsn1stg.wpengine.com/wp-content/uploads/2024/05/like.png
https://franchisesuppliernetwork.com/fsn-suppliers/financial-services/,"The financial side of running a franchise business is complex and fraught with pitfalls. Franchisers who want to set up their franchisees for success may find it helpful to work with a financial services supplier to help them navigate the world of funding, taxes, and accounting management, especially during the early days. From reading financial reports to acquiring funding and getting the required accounting systems in place, a lot of groundwork goes into setting up a franchise. If you‚Äôre not sure where to start, working with consultants who specialize in financial services may be a good solution. Financial services is a term that covers everything from payment processing and investment management to real estate, accounting, and funding acquisition. Whatever industry your franchise is in, you‚Äôll find yourself performing financial activities regularly as a part of doing business, and so will your franchisees. The suppliers in our network are ready to assist your business with the financial actions it carries out, helping ensure you‚Äôre meeting all regulatory requirements and making financial decisions that make sense. A financial services supplier can give your business financial insight into a wide range of issues ‚Äî those affecting you as the franchise owner and issues your franchisees may encounter. From helping with S loans and advising on tax preparation and business rollovers to helping franchisees find the right providers for payment processing based on the industry they‚Äôre in, these companies are specialists in the financial services industry. Our suppliers include bookkeepers and specialized accounting companies, growth consultants, funding experts, tax specialists, and consultants who can advise on mergers and acquisitions, financial audits, and more. These organizations can offer franchisers and franchisees the support they need to better manage and grow their businesses. At Franchise Supplier Network, we help franchisers find the service providers and suppliers they need across a variety of industries. We can help your organization find the right partners in the financial services industry, whether you‚Äôre looking for a company to fill a narrowly defined need or wanting some guidance from financial experts. Our service includes supplier audits, ideation sessions, recommendations, and more. We know not every company is identical and that what works for one organization may not work for another. That‚Äôs why in addition to carefully vetting the financial services suppliers we work with, we also take the time to get to know your business and your unique needs. The providers we work with have experience dealing with a wide range of businesses, from retail to hospitality, home services, and even other financial services franchises. If you‚Äôre in need of support when it comes to accounting and finance, just contact our team today to arrange a meeting. We‚Äôll work with you to identify your needs and help you choose a financial service supplier who can set your business up on the path to success. Franchise Supplier Network is a community dedicated to helping franchisors and industry suppliers connect and grow. Our impact is global and our network represents billions of dollars in commerce through franchising. Read More  ¬© 2024 Copyright - FranchiseSupplierNetwork.com Powered by ClickTecs",https://franchisesuppliernetwork.com/wp-content/themes/franchise-supplier-network/img/logo-fsn.png | https://franchisesuppliernetwork.com/wp-content/themes/franchise-supplier-network/img/banner-inner-01.jpg
https://franchisesuppliernetwork.com/fsn-suppliers/human-resources-services/,"Human resources services are essential for any franchise operation, whether it‚Äôs at the early stages of its operations or an established business. HR service providers help franchise businesses manage their staff levels, reduce employee turnover, and ensure they‚Äôre fulfilling their duties as an employer. Human resources services assist business owners with a variety of employee-related tasks, including: Human resource services can help ensure your employees are treated properly and that the business is operating in compliance with any regulatory and legal requirements in the region it trades in. Many franchise businesses overlook the importance of HR in their rush to consider other parts of the business model. However, human resources cannot be written off as just more red tape, since the position requires more than staffing employees. Business owners are required to follow employment law, which can vary significantly around the world. Franchisers naturally want to ensure their franchisees are treating themselves well and operating in line with the law, and franchisees may appreciate the guidance provided by franchise HR services. Having an expert advise you on your HR policies and how to approach hiring, training, ongoing employee development, and even benefits packages and retention will go a long way toward streamlining those aspects of your business. In the long term, this can lead to reduced staff turnover and labor costs. Hiring an HR services supplier offers the economies of scale that come with other forms of outsourcing. By allowing a business that specializes in this role to manage your HR needs, you free up your managers and team leaders to focus on the day-to-day details of running the franchise. Your team will be more productive, and you can feel confident that your employees will be taken care of properly. At Franchise Supplier Network, we specialize in connecting franchise owners and franchises with the suppliers they need to sustain and grow their businesses. This includes franchise HR solutions for all kinds of businesses and covers a variety of roles. From assisting with health coverage benefits to recruiting C-Suite employees, writing policies, and overseeing training, our suppliers offer a range of valuable services for franchise businesses. We understand every business has unique needs, depending on its size, location, and the goals of the owner. To ensure we‚Äôre matching franchise suppliers and organizations properly, we use a multi-step matching process. All the franchise suppliers in our network have been carefully vetted before inclusion. When you come to us looking for a human resources service, we‚Äôll ask questions about your business, so we understand your needs fully. We‚Äôll brainstorm with you to help you identify the areas your business needs the most help with, and once we understand what you‚Äôre looking for, our team will connect you with the right organization. If you‚Äôre looking for support with your human resources needs, contact Franchise Supplier Network today to book a consultation. Check out our list of Human Resource Suppliers¬†here! Franchise Supplier Network is a community dedicated to helping franchisors and industry suppliers connect and grow. Our impact is global and our network represents billions of dollars in commerce through franchising. Read More  ¬© 2024 Copyright - FranchiseSupplierNetwork.com Powered by ClickTecs",https://franchisesuppliernetwork.com/wp-content/themes/franchise-supplier-network/img/logo-fsn.png | https://franchisesuppliernetwork.com/wp-content/themes/franchise-supplier-network/img/banner-inner-01.jpg
https://franchisesuppliernetwork.com/fsn-suppliers/marketing-services/,"Marketing is an essential part of growing any business. It helps you get your brand name in front of potential customers and sends a message about who you are and what you do. Franchise marketing strategies can be more complex than marketing for independent businesses because it‚Äôs vital the marketing efforts of all the franchises are in alignment. Conflicting messages from companies bearing the same name could water down your message and confuse customers. Franchise marketing services help franchises devise campaigns that can be shared across the franchise. They take care of the little details, such as logos, typefaces, company colors, and even uniforms, that are easy to overlook but contribute to the public perception of your brand. If you don‚Äôt have an in-house marketing team taking care of these things, working with a franchise marketing specialist could help you create a positive impression. Franchise marketing is any promotional activity that helps the franchise grow. That could be operational franchise marketing, where your objective is to attract new customers. Alternatively, it could be franchise development marketing, which refers to marketing to new franchise owners to expand to new territories or open new locations. You likely have both types of marketing in your franchise business model. However, simply having a line in your business plan that says ‚Äúmarket the franchise‚Äù is not enough. Effective franchise marketing requires careful planning and good communication between the franchise owner and the franchisees. One of the challenges franchise owners face is ensuring all of their franchisees market the brand in a uniform way. The success of the brand depends on the success of individual franchises and the image those franchises create. A consistent approach to marketing, from flyers and store branding to the frequency and format of email marketing and the company‚Äôs online presence, is a must. Outsourcing your marketing efforts to a company with extensive expertise in franchise marketing can help you avoid common mistakes, maintain effective communication between franchise branches, and create a regional, national, or global brand that has a consistent, uniform appearance. Your brand‚Äôs logo, letterhead, colors, and even the bags and packaging you use all send a message. For the franchise to truly succeed as a whole, every involved company must use consistent branding across all of the marketing materials they produce and for any storefronts, products, uniforms, and anything else that‚Äôll be seen by customers. Franchise marketing experts can assist with building your digital presence, spearheading digital marketing campaigns, creating content marketing guidelines, and helping you track the performance of your campaigns, so you always know where you stand. Poor social media marketing or an inconsistent voice across social media is often the downfall of franchises. As the franchise owner, you may have a policy of keeping your brand out of political conversations and engaging with people on social media in a polite, formal way. If a franchisee decides to make a joke about a controversial event, the whole brand name will be associated with that joke in the minds of anyone who sees it. Franchise marketing services can help you formulate marketing policies that cover social media platforms and other forms of digital marketing, ensuring you and all your franchisees create a good impression with every online interaction. In addition to having a digital marketing strategy, it‚Äôs useful to consider other ways of reaching your target audience, such as trade shows, sponsorships, and community events. Choose a franchise marketing service supplier that understands your products and industry, and they‚Äôll be able to help you find the right places to engage in outreach campaigns. If you‚Äôre the owner of a large franchise, a franchise marketing team could help you arrange a nationwide promotional program, for example, sponsoring local youth sports teams or attending a variety of professional networking events, to broaden your reach in a cost-effective way. Franchise Supplier Network helps franchisers and franchisees access the support they need to make their businesses a success. We assist early-stage organizations and growing franchises, connecting them to the support they need to manage their organizations effectively. We carefully vet all the suppliers in our network to ensure they have the expertise required to work with our clients. When you choose Franchise Supplier Network to source your suppliers, we‚Äôll take you through our tried and tested four-step discovery and support process, where we get to know your business and identify the partners that‚Äôll be the best fit for your requirements. Our service is free for franchisers and gives you access to our vast network of marketing and branding experts and companies with expertise in other areas of running a business. If you‚Äôre looking for support to grow your business, contact us today to get started. Click here for our list of marketing services suppliers. Franchise Supplier Network is a community dedicated to helping franchisors and industry suppliers connect and grow. Our impact is global and our network represents billions of dollars in commerce through franchising. Read More  ¬© 2024 Copyright - FranchiseSupplierNetwork.com Powered by ClickTecs",https://franchisesuppliernetwork.com/wp-content/themes/franchise-supplier-network/img/logo-fsn.png | https://franchisesuppliernetwork.com/wp-content/themes/franchise-supplier-network/img/banner-inner-01.jpg
https://franchisesuppliernetwork.com/fsn-suppliers/operation-services/,"If you‚Äôre starting a franchise or currently operating one, working with an operations supplier to handle the day-to-day operations of your business could be a wise move. Franchise Supplier Network can help connect you with operations suppliers to assist your franchise business. In this guide, we‚Äôll explore what operation services are and how they can help your franchise business grow. Operation services help companies understand their customer service approach and how it fits in with the daily operations of their business. This can be useful for making informed decisions about employee needs, process improvements, tools, and how to improve the overall customer experience. Operation services help companies make data-driven, informed decisions using metrics your organization is already gathering. Armed with data about your current customer behavior, you can identify opportunities to grow your revenue and get more value from your existing customers. This knowledge may also help identify new and as-yet untapped customer demographics. Hiring an operation service supplier to assist your franchise business is an effective way to access the expertise and tools of the operation service industry. These companies have a breadth of experience and understand the unique needs of multi-unit franchisees, single-unit franchisees, and businesses that are in the process of growing and scaling. When you work with an operation service supplier, they‚Äôll analyze your business‚Äô current performance and KPIs, assess the processes you currently have in place, and look for ways to improve your organization‚Äôs performance and efficiency. From onboarding new customers to increasing the number of repeat customers, improving the customer experience, and identifying opportunities for upselling, there are many ways an operation service supplier could have a positive impact on your organization‚Äôs bottom line. At Franchise Supplier Network, we have a large database of suppliers covering all aspects of operation services. Our network includes consultants who can provide one-off advice and improvement plans, management companies that offer ongoing support, and specialists in customer service, analytics , and growth management. Our list of providers also includes suppliers of SaaS billing, metrics, analytics, and customer service tools your franchise can use to gather data more efficiently. Whatever your day-to-day operational needs, and however large or small your franchise business is, turn to Franchise Supplier Network to connect with top operations suppliers that can help you with your needs. Franchise Supplier Network is a community dedicated to helping franchisors and industry suppliers connect and grow. Our impact is global and our network represents billions of dollars in commerce through franchising. Read More  ¬© 2024 Copyright - FranchiseSupplierNetwork.com Powered by ClickTecs",https://franchisesuppliernetwork.com/wp-content/themes/franchise-supplier-network/img/logo-fsn.png | https://franchisesuppliernetwork.com/wp-content/themes/franchise-supplier-network/img/banner-inner-01.jpg
https://franchisesuppliernetwork.com/fsn-suppliers/real-estate-services/,"Lease management can be difficult and time-consuming, and it‚Äôs something many real estate franchises could benefit from streamlining. If you‚Äôre in the real estate industry and are struggling to manage your growing portfolio, working with a real estate services provider could save you time and money while helping you grow your business. Real estate services providers offer a full spectrum of real estate solutions, including managing construction projects, assisting with compliance and monitoring, and providing lease management software and solutions to support real estate franchise owners in their day-to-day operations. Many franchisees assume the difficult part of operating in the real estate industry is signing leases. However, the work doesn‚Äôt end there. Collecting lease payments, handling property management and maintaining compliance are all important tasks ‚Äî and easy to lose track of when you have a large property portfolio. If you‚Äôre a property developer, working with a company that manages construction projects helps you keep track of contractors and ensure your builds are completed on time and within budget. Real estate services providers handle these tasks, helping you focus on finding new properties and growing your base of tenants. Both B2B and B2C real estate franchisees can benefit from outsourcing elements of their real estate services. Hiring a real estate service provider to handle lease management and issues such as common area maintenance charges, dispute resolution and monitoring, and chasing monthly payments can save you time and allow you to focus on the core of your business. Let someone else do the administration while you look for opportunities to grow your portfolio or expand your business into new areas. Outsourcing these services has another key benefit. When lease payments are managed by a third party, it can reduce conflict and make dealing with tenants a much smoother process. Another often-overlooked, benefit of using lease management software is data collection. By systematically logging information about your property portfolio, you‚Äôll build up a database of metrics you can use to make better decisions about future property purchases, pricing, and budgeting. From setting repair budgets to understanding market conditions, there‚Äôs a lot you can learn from tracking trends with your current portfolio. At Franchise Supplier Network, we have a large database of real estate service providers that can assist you with your real estate needs. From lease management to negotiation and compliance, the suppliers in our network cover all your real estate needs. Our team has more than 80 years of collective experience in the franchise industry and has carefully developed a system of discovery and support to help franchisees access the services they need. Whether you‚Äôre just getting started in the real estate industry or have a large portfolio and are looking for a helping hand to manage it more efficiently, our real estate services suppliers can help you with your business needs. Click here for our list of real estate services suppliers. Franchise Supplier Network is a community dedicated to helping franchisors and industry suppliers connect and grow. Our impact is global and our network represents billions of dollars in commerce through franchising. Read More  ¬© 2024 Copyright - FranchiseSupplierNetwork.com Powered by ClickTecs",https://franchisesuppliernetwork.com/wp-content/themes/franchise-supplier-network/img/logo-fsn.png | https://franchisesuppliernetwork.com/wp-content/themes/franchise-supplier-network/img/banner-inner-01.jpg
https://franchisesuppliernetwork.com/fsn-suppliers/legal-services/,"Franchising is a popular option for entrepreneurs who want to get started running a business quickly. Setting up a franchise allows you to take advantage of the expertise, supplier network, and brand name of an existing company, so you can hit the ground running instead of having to build up business connections and a good reputation from scratch. When it works well, franchising can be a golden opportunity, but it requires the franchisor and the franchisee to come to a clear agreement about what each party gets out of the arrangement. This is where franchise lawyers come in. A franchise lawyer provides a variety of legal services to franchisees, helping ensure their interests are protected when setting up their franchise business. Franchise legal services address the needs of single and multi-unit franchisees, helping them understand the terms of any agreements they‚Äôre considering entering into so they can make an informed decision before signing. Experienced franchise attorneys can help with a number of issues, including: Legal agreements are key instruments that establish the rights and responsibilities of everyone involved in the business of setting up and operating a franchise. Franchise attorneys can help with everything from reviewing property lease agreements and supplier contracts to assisting with company formations. Franchise attorneys are specialists who have spent years getting to know the franchise industry. They have a good understanding of contract law and work to protect your interests and provide legal advice about the agreements you‚Äôre considering entering into. As experienced legal professionals, these industry experts study franchise disclosure documents and alert you to any potential risks you may have overlooked. The franchise disclosure document lays out the duties of both parties in the franchise agreement, and it also reveals the franchisor‚Äôs financial statements and lays out the relationship between the franchisor and the franchisee. General laws relating to franchising are described in the Federal Trade Commission Franchise Rule. However, states are free to pass their own laws governing the operation of franchises. A franchise law firm can explain the rules in your state, helping you abide by any local tax and financial obligations. Franchisors often have pre-set terms for how disputes with a franchisee are handled, and these terms can be complex and detailed. Franchisees may find themselves struggling to navigate them if a dispute arises. A good franchise law firm helps a franchisee understand what they need to do to file a dispute and ensure it‚Äôs done correctly. At Franchise Supplier Network, we have more than 80 years of collective experience in franchising and an extensive network of contacts across the franchise industry. We use a four-step discovery and support process to connect franchisors with the suppliers they need to help them build a sustainable, successful business. We provide free services for franchisors and work with proven franchise suppliers, including experienced franchise law firms, helping them connect with prospective clients who could benefit from their services. If you‚Äôre considering setting up a franchise or looking to grow your existing franchise, or if you need legal services for other reasons, contact Franchise Supplier Network today to be connected to a legal services supplier that can meet your needs. Franchise Supplier Network is a community dedicated to helping franchisors and industry suppliers connect and grow. Our impact is global and our network represents billions of dollars in commerce through franchising. Read More  ¬© 2024 Copyright - FranchiseSupplierNetwork.com Powered by ClickTecs",https://franchisesuppliernetwork.com/wp-content/themes/franchise-supplier-network/img/logo-fsn.png | https://franchisesuppliernetwork.com/wp-content/themes/franchise-supplier-network/img/banner-inner-01.jpg
https://franchisesuppliernetwork.com/supplier-memberships/,"To most, breaking into the franchise industry can be daunting. To our FSN Team, the franchise community is like big, happy family. After many years of hard work, our team wanted to leverage our influences from our relationships, our events and our podcast to do one thing: help other suppliers succeed in an industry we love like we all have. With that, our yearly Membership Program was born! If you‚Äôre struggling to figure out why being a part of our ‚ÄúFranchise Family‚Äù is a must, here‚Äôs some of value we bring to our members: JOIN NOW JOIN NOW  Franchise Supplier Network is a community dedicated to helping franchisors and industry suppliers connect and grow. Our impact is global and our network represents billions of dollars in commerce through franchising. Read More  ¬© 2024 Copyright - FranchiseSupplierNetwork.com Powered by ClickTecs",https://franchisesuppliernetwork.com/wp-content/themes/franchise-supplier-network/img/logo-fsn.png | https://franchisesuppliernetwork.com/wp-content/themes/franchise-supplier-network/img/banner-inner-01.jpg
https://franchisesuppliernetwork.com/resources/,"Franchise Supplier Network (FSN) is the premier resource for franchise supplier search and discovery, offering a comprehensive, free-to-use database for franchisors. Supplier members join the [‚Ä¶] By integrating all the operational tools that a franchise business needs into a single platform,¬†Woven¬†enhances efficiency, accountability, and growth in multi-unit businesses. Coined by the [‚Ä¶] Don‚Äôt you wish your marketing could have an immediate impact ON REVENUE at the location level? That‚Äôs why Evocalize created a magic button that automates [‚Ä¶] ServiceMinder & FranchiseFilming recently recorded an exclusive webinar featuring two industry titans: John Keene, the visionary CEO/Founder of ServiceMinder, and Trevor Rappleye, the dynamic CEO/Founder [‚Ä¶] Cotti Foods began in 1967 with the purchase of one Taco Bell restaurant in Southern California. Since then, Cotti has grown with the addition of [‚Ä¶] With a dedicated focus on understanding the needs of its clients, dbSeer works closely with all stakeholders to identify pain points and challenges across various [‚Ä¶] Johnny Franchise helps franchisor executives and franchise owners reduce risks and improve results by providing level-headed expertise. Having 30+ years working in franchising and private [‚Ä¶] Bann Business Solutions is a data-infused direct response marketer catering to the franchise industry and Home Service providers. A national home improvement brand partnered with [‚Ä¶] SeoSamba, a pioneering company in the multi-location and franchise marketing space, introduces an AI-driven platform that automates the creation of multi-variant, uniquely relevant localized content. [‚Ä¶] That‚Äôs a wrap on YoungCon ‚Äô24! This year was another incredible 3 days of networking, learning & connecting with other Millennials in Franchising and the [‚Ä¶] SalesDesk drives success for franchise systems through innovative lead generation strategies and impactful email marketing campaigns. Specializing in B2B lead generation, they leverage cutting-edge tools [‚Ä¶] May 22, 2024 (Pittsburgh, PA) ‚Äì Clayton Kendall, a leader in centralizing the marketing supply chains for franchise communities and multi-location businesses, announced that it [‚Ä¶] Franchise Supplier Network is a community dedicated to helping franchisors and industry suppliers connect and grow. Our impact is global and our network represents billions of dollars in commerce through franchising. Read More  ¬© 2024 Copyright - FranchiseSupplierNetwork.com Powered by ClickTecs",https://franchisesuppliernetwork.com/wp-content/themes/franchise-supplier-network/img/logo-fsn.png | https://franchisesuppliernetwork.com/wp-content/themes/franchise-supplier-network/img/banner-inner-01.jpg | https://franchisesuppliernetwork.com/wp-content/uploads/2024/06/Resource-Banner-1-550x300.png | https://franchisesuppliernetwork.com/wp-content/uploads/2024/05/Resource-Banner-12-550x300.png | https://franchisesuppliernetwork.com/wp-content/uploads/2024/06/Resource-Banner-550x300.png | https://franchisesuppliernetwork.com/wp-content/uploads/2024/04/Resource-Banner-11-550x300.png | https://franchisesuppliernetwork.com/wp-content/uploads/2024/05/Resource-Banner-11-550x300.png | https://franchisesuppliernetwork.com/wp-content/uploads/2024/05/Resource-Banner-3-1-550x300.png | https://franchisesuppliernetwork.com/wp-content/uploads/2024/05/Resource-Banner-10-550x300.png | https://franchisesuppliernetwork.com/wp-content/uploads/2024/05/Resource-Banner-2-2-550x300.png | https://franchisesuppliernetwork.com/wp-content/uploads/2024/05/Resource-Banner-1-3-550x300.png | https://franchisesuppliernetwork.com/wp-content/uploads/2024/05/Resource-Banner-9-550x300.png | https://franchisesuppliernetwork.com/wp-content/uploads/2024/05/Resource-Banner-7-550x300.png | https://franchisesuppliernetwork.com/wp-content/uploads/2024/05/Resource-Banner-6-550x300.png
https://franchisesuppliernetwork.com/about/,"We help franchisors discover best fit supplier partners for their business & reduce their risk when doing so. At Franchise Supplier Network, we help emerging, regional, and national franchise organizations discover and connect with the perfect supplier partners for their specific needs and goals. Using our 80 years of collective experience in franchising, and our highly cultivated knowledge base and expert network, we identify the ‚Äúbest fit‚Äù partners to drive enterprise value and business outcomes. As your trusted advisors we can assist with supplier audits, recommendations, ideation sessions, and strategic guidance on effective implementation. We achieve this through our proven 4 step discovery and support process. The FSN Promise is aligned towards creating a better future for franchising, increased profitability and franchise business ownership. Our services are forever free for franchisors because of our membership based model which gives proven franchise suppliers a dedicated platform to promote their services and contribute content and education within our community and media channels. Ryan has served the franchise community as an accomplished supplier and trusted technology advisor for the past decade. His knowledge in franchising combined with skills in strategy, business development, marketing technology, operational technology, and uncanny ability to network and build relationships has helped organizations achieve explosive growth. Upon graduating college, Ryan became a founding member of iConnect POS (now FranPOS) and grew the customer base to over 10,000 locations worldwide. In 2018, Ryan joined Rallio as an equity partner and business development officer. The social media technology company has experienced massive growth with his leadership, landing on the Inc. 5000 list and being named a top franchise marketing supplier by Entrepreneur Magazine 5 years in a row. Ryan is the Founder and Executive Producer of Modrn Business Podcast, which boasts one of the largest franchise community audiences in the world‚Äî publishing over 400 episodes since July of 2017. Ryan is also the Co-Founder of Franchise YoungConference, the only conference servicing Millennial/Gen-Z franchise executives. Amidst the COVID 19 pandemic, Ryan invested in Safe From Spread, which grew to over 30 franchise territories in 9 states before its merger with CPR Construction Cleaning USA in early 2022. Today, Ryan is a Certified Franchise Executive, a member of IFA‚Äôs FranPAC Task Force, and is on a mission as Partner and Managing Director of Franchise Supplier Network to be the matchmaker between franchisors and best-fit suppliers. Ryan helps franchisors of all sizes to assess their needs for financial, HR, marketing and operational technologies and services. Zack Fishman has been involved in the franchise space since he could walk (literally), devoting his life to understanding all facets of the industry. Currently, Zack is the Chief Growth Officer for Fishman PR, the world‚Äôs foremost PR firm specializing in franchising and Franchise Elevator, the world‚Äôs preeminent emerging brands PR firm. In his spare time, Zack is also the Co-Founder of Franchise YoungConference, the only conference for Millennial/Gen-Z franchise executives, Co-Producer of Modrn Business Podcast, an award-winning podcast focusing on showcasing franchising‚Äôs most exciting entrepreneurs and is Partner & COO of Franchise Supplier Network, where he specializes in matching franchisors with best-fit suppliers/partners in the franchise development, third-party investment and real estate disciplines within franchising. Brad Fishman is CEO of Fishman Public Relations, the premiere national agency specializing in PR and content marketing services for franchise brands. He also founded Franchise Elevator, a fast-growing specialty PR agency serving emerging franchise brands. On a global level, Brad also operates Fishman Canada, a PR firm providing lead generation and consumer PR for franchise brands in Canada, as well as co-founding Rev PR, a leading franchise PR firm in the United Kingdom. Brad has spent nearly 30 years helping hundreds of franchisors raise awareness of their brand among consumers and expand their franchise systems through lead generation PR and content marketing. Outside of his day-to-day responsibilities, Brad also sits on the board of directors of many franchise organizations and franchise suppliers such as Franchise Payments Network, FranFund, myfrii, Tootl and previously served on the Board of Directors of FranChoice and RainTree. Brad is the past chairman of the International Franchise Association‚Äôs Supplier Forum, a past member of the IFA‚Äôs board and executive board and serves on the IFA‚Äôs Membership Committee. Brad is also the Co-Founder of Franchisors.com, the company that operates franchise conferences like Franchise Springboard, Franchise UnConference and Franchise YoungConference. In his role at Franchise Supplier Network, Brad uses his shrewd financial background to help guide the FSN towards financial responsibility and through coaching franchisors on what to expect when preparing for third-party investment. In private practice since 1989, Lane Fisher currently represents more than 200 franchised brands in business transactions and complex franchise litigation. Fisher has been identified both as a Legal Eagle by Franchise Times for every consecutive year since 2004 and has had his firm, FisherZucker, awarded as a top franchise law firm servicing the Entrepreneur Franchise 500 from since the award‚Äôs inception in 2018. Lane‚Äôs tireless devotion to protecting the franchise business model has led to serving as Chairman of the International Franchise Association‚Äôs Supplier Forum, Member of IFA‚Äôs Board, IFA‚Äôs Executive Board, FranPAC Task Force and on the IFA‚Äôs Membership Committee. Due to his expertise on the evolving franchising landscape, Lane is a frequent speaker at franchise conferences and has authored several articles spanning several aspects of the industry. To give back to the franchising community, Lane is also the Co-Founder of Franchisors.com, the company that operates franchise conferences like Franchise Springboard, Franchise UnConference and Franchise YoungConference. As Chief Legal Officer of Franchise Supplier Network, Lane oversees all legal matters on behalf of the FSN team and consults both FSN members and franchisors on navigating the franchise legal landscape effectively. As someone who grew up in the digital age, Jake was keenly aware the future of franchising is technology. Before his time at Franchise Supplier Network, he spent 2.5 years working closely with franchise brands overseeing business development for Eulerity, a workflow automation technology company that helps franchise brands scale marketing efforts. With the combination of his franchise business acumen and experience in technology, Jake brings his unique perspective to franchisors on how to flourish in the franchise industry‚Äôs rapidly-evolving marketing world. In his role at Franchise Supplier Network, Jake is the go-to resource for all marketing technology needs; helping emerging franchisors build out their marketing technology stack from scratch or mid-market/enterprise-level franchisors rebuild aspects of their marketing technology relationships. Franchise Supplier Network is a community dedicated to helping franchisors and industry suppliers connect and grow. Our impact is global and our network represents billions of dollars in commerce through franchising. Read More  ¬© 2024 Copyright - FranchiseSupplierNetwork.com Powered by ClickTecs",https://franchisesuppliernetwork.com/wp-content/themes/franchise-supplier-network/img/logo-fsn.png | https://franchisesuppliernetwork.com/wp-content/themes/franchise-supplier-network/img/banner-inner-01.jpg | https://franchisesuppliernetwork.com/wp-content/uploads/2022/09/Ryan-Hicks.jpg | https://franchisesuppliernetwork.com/wp-content/uploads/2023/11/Zack-Headshot-2-2.png | https://franchisesuppliernetwork.com/wp-content/uploads/2022/09/Brad-Fishman.jpg | https://franchisesuppliernetwork.com/wp-content/uploads/2022/09/Lane-Fisher.jpg | https://franchisesuppliernetwork.com/wp-content/uploads/2023/08/1689182261868.jpeg
https://franchisesuppliernetwork.com/contact/,"If you have any questions or wish to contact us, please don‚Äôt hesitate to get in touch.  Franchise Supplier Network is a community dedicated to helping franchisors and industry suppliers connect and grow. Our impact is global and our network represents billions of dollars in commerce through franchising. Read More  ¬© 2024 Copyright - FranchiseSupplierNetwork.com Powered by ClickTecs",https://franchisesuppliernetwork.com/wp-content/themes/franchise-supplier-network/img/logo-fsn.png | https://franchisesuppliernetwork.com/wp-content/themes/franchise-supplier-network/img/banner-inner-01.jpg
